STUDY,GENDER,HCC18,HCC22,HCC85,HCC96,HCC108,HCC111,AGE,RAF
00000001_000.png,0.9999518394470215,0.3821888267993927,0.003308424958959222,0.7403702139854431,0.7116726040840149,0.5268270373344421,0.09220651537179947,65.02005457878113,1.421581357717514
